,id,case_number,date,block,iucr,primary_type,description,location_description,arrest,domestic,beat,district,ward,community_area,fbi_code,x_coordinate,y_coordinate,year,updated_on,latitude,longitude,location
1314990,14240634,JK306701,2026-06-21T20:20:00.000,013XX N ELSTON AVE,0890,THEFT,FROM BUILDING,BAR OR TAVERN,False,False,1433,14,27.0,24.0,06,1167586.0,1909274.0,2026,2026-06-29T15:42:22.000,41.906598157,-87.659825297,"{'latitude': '41.906598157', 'longitude': '-87.659825297', 'human_address': '{""address"": """", ""city"": """", ""state"": """", ""zip"": """"}'}"
1314991,14237471,JK303743,2026-06-21T20:24:00.000,040XX N MEADE AVE,0486,BATTERY,DOMESTIC BATTERY SIMPLE,APARTMENT,True,True,1624,16,38.0,15.0,08B,1134967.0,1926214.0,2026,2026-06-29T15:42:22.000,41.953723718,-87.779247193,"{'latitude': '41.953723718', 'longitude': '-87.779247193', 'human_address': '{""address"": """", ""city"": """", ""state"": """", ""zip"": """"}'}"
1314992,14237474,JK303737,2026-06-21T20:25:00.000,053XX S PULASKI RD,0520,ASSAULT,AGGRAVATED - KNIFE / CUTTING INSTRUMENT,GROCERY FOOD STORE,True,True,815,8,23.0,62.0,04A,1150608.0,1868922.0,2026,2026-06-29T15:42:22.000,41.796216157,-87.723245665,"{'latitude': '41.796216157', 'longitude': '-87.723245665', 'human_address': '{""address"": """", ""city"": """", ""state"": """", ""zip"": """"}'}"
1314993,14237497,JK303773,2026-06-21T20:33:00.000,095XX S STATE ST,5111,OTHER OFFENSE,GUN OFFENDER - ANNUAL REGISTRATION,STREET,True,False,511,5,9.0,49.0,26,1177974.0,1841737.0,2026,2026-06-29T15:42:22.000,41.721040656,-87.623715064,"{'latitude': '41.721040656', 'longitude': '-87.623715064', 'human_address': '{""address"": """", ""city"": """", ""state"": """", ""zip"": """"}'}"
1314994,14238040,JK303756,2026-06-21T20:40:00.000,117XX S VINCENNES AVE,0430,BATTERY,AGGRAVATED - OTHER DANGEROUS WEAPON,STREET,False,True,2212,22,19.0,75.0,04B,1165467.0,1826973.0,2026,2026-06-29T15:42:22.000,41.680799541,-87.669942159,"{'latitude': '41.680799541', 'longitude': '-87.669942159', 'human_address': '{""address"": """", ""city"": """", ""state"": """", ""zip"": """"}'}"
1314995,14237513,JK303742,2026-06-21T20:43:00.000,080XX S EXCHANGE AVE,5111,OTHER OFFENSE,GUN OFFENDER - ANNUAL REGISTRATION,STREET,True,False,422,4,7.0,46.0,26,1197222.0,1852411.0,2026,2026-06-29T15:42:22.000,41.749873967,-87.552860394,"{'latitude': '41.749873967', 'longitude': '-87.552860394', 'human_address': '{""address"": """", ""city"": """", ""state"": """", ""zip"": """"}'}"
1314996,14237526,JK303821,2026-06-21T20:45:00.000,048XX S DREXEL BLVD,051A,ASSAULT,AGGRAVATED - HANDGUN,SIDEWALK,False,False,222,2,4.0,39.0,04A,1183133.0,1873130.0,2026,2026-06-29T15:42:22.000,41.807067906,-87.603843747,"{'latitude': '41.807067906', 'longitude': '-87.603843747', 'human_address': '{""address"": """", ""city"": """", ""state"": """", ""zip"": """"}'}"
1314997,14237510,JK303778,2026-06-21T20:46:00.000,009XX W MARQUETTE RD,0486,BATTERY,DOMESTIC BATTERY SIMPLE,APARTMENT,False,True,723,7,16.0,68.0,08B,1171038.0,1860403.0,2026,2026-06-29T15:42:22.000,41.772416732,-87.648576027,"{'latitude': '41.772416732', 'longitude': '-87.648576027', 'human_address': '{""address"": """", ""city"": """", ""state"": """", ""zip"": """"}'}"
1314998,14237490,JK303757,2026-06-21T20:49:00.000,031XX W 62ND ST,0486,BATTERY,DOMESTIC BATTERY SIMPLE,APARTMENT,False,True,823,8,15.0,66.0,08B,1156674.0,1863355.0,2026,2026-06-29T15:42:22.000,41.780819226,-87.701151106,"{'latitude': '41.780819226', 'longitude': '-87.701151106', 'human_address': '{""address"": """", ""city"": """", ""state"": """", ""zip"": """"}'}"
1314999,14237517,JK303766,2026-06-21T20:53:00.000,071XX S ABERDEEN ST,0498,BATTERY,"AGG. DOMESTIC BATTERY - HANDS, FISTS, FEET, SERIOUS INJURY",RESIDENCE,False,True,733,7,17.0,68.0,04B,1170220.0,1857372.0,2026,2026-06-29T15:42:22.000,41.764117123,-87.651662635,"{'latitude': '41.764117123', 'longitude': '-87.651662635', 'human_address': '{""address"": """", ""city"": """", ""state"": """", ""zip"": """"}'}"
1315000,14237488,JK303780,2026-06-21T21:00:00.000,054XX S KEDZIE AVE,0860,THEFT,RETAIL THEFT,DRUG STORE,False,False,923,9,14.0,63.0,06,1155977.0,1868216.0,2026,2026-06-29T15:42:22.000,41.794172544,-87.70357593,"{'latitude': '41.794172544', 'longitude': '-87.70357593', 'human_address': '{""address"": """", ""city"": """", ""state"": """", ""zip"": """"}'}"
1315001,14237540,JK303816,2026-06-21T21:00:00.000,001XX E 70TH ST,1310,CRIMINAL DAMAGE,TO PROPERTY,GAS STATION,False,False,322,3,6.0,69.0,14,1178547.0,1858640.0,2026,2026-06-29T15:42:22.000,41.767411514,-87.621103862,"{'latitude': '41.767411514', 'longitude': '-87.621103862', 'human_address': '{""address"": """", ""city"": """", ""state"": """", ""zip"": """"}'}"
1315002,14237544,JK303776,2026-06-21T21:00:00.000,027XX W DEVON AVE,1330,CRIMINAL TRESPASS,TO LAND,TAVERN / LIQUOR STORE,True,False,2413,24,50.0,2.0,26,1156745.0,1942345.0,2026,2026-06-29T15:42:22.000,41.99757373,-87.698749139,"{'latitude': '41.99757373', 'longitude': '-87.698749139', 'human_address': '{""address"": """", ""city"": """", ""state"": """", ""zip"": """"}'}"
1315003,14237641,JK303864,2026-06-21T21:00:00.000,027XX S ST LOUIS AVE,0486,BATTERY,DOMESTIC BATTERY SIMPLE,APARTMENT,False,True,1032,10,22.0,30.0,08B,1153478.0,1885538.0,2026,2026-06-29T15:42:22.000,41.841756307,-87.712280645,"{'latitude': '41.841756307', 'longitude': '-87.712280645', 'human_address': '{""address"": """", ""city"": """", ""state"": """", ""zip"": """"}'}"
1315004,14237689,JK303801,2026-06-21T21:00:00.000,024XX W 24TH ST,0486,BATTERY,DOMESTIC BATTERY SIMPLE,STREET,False,True,1034,10,25.0,31.0,08B,1160412.0,1888004.0,2026,2026-06-29T15:42:22.000,41.848382869,-87.686766844,"{'latitude': '41.848382869', 'longitude': '-87.686766844', 'human_address': '{""address"": """", ""city"": """", ""state"": """", ""zip"": """"}'}"
1315005,14237732,JK303986,2026-06-21T21:00:00.000,081XX S FAIRFIELD AVE,0486,BATTERY,DOMESTIC BATTERY SIMPLE,RESIDENCE,False,True,835,8,18.0,70.0,08B,1159459.0,1850512.0,2026,2026-06-29T15:42:22.000,41.745519479,-87.691292125,"{'latitude': '41.745519479', 'longitude': '-87.691292125', 'human_address': '{""address"": """", ""city"": """", ""state"": """", ""zip"": """"}'}"
1315006,14237776,JK304136,2026-06-21T21:00:00.000,012XX W MADISON ST,0910,MOTOR VEHICLE THEFT,AUTOMOBILE,STREET,False,False,1224,12,34.0,28.0,07,1168058.0,1900166.0,2026,2026-06-29T15:42:22.000,41.881595001,-87.658354666,"{'latitude': '41.881595001', 'longitude': '-87.658354666', 'human_address': '{""address"": """", ""city"": """", ""state"": """", ""zip"": """"}'}"
1315007,14237799,JK304141,2026-06-21T21:00:00.000,039XX W SCHUBERT AVE,0760,BURGLARY,BURGLARY FROM MOTOR VEHICLE,STREET,False,False,2524,25,35.0,22.0,06,1149746.0,1917676.0,2026,2026-06-29T15:42:22.000,41.930019697,-87.725140159,"{'latitude': '41.930019697', 'longitude': '-87.725140159', 'human_address': '{""address"": """", ""city"": """", ""state"": """", ""zip"": """"}'}"
1315008,14237914,JK304250,2026-06-21T21:00:00.000,062XX N MOZART ST,0560,ASSAULT,SIMPLE,APARTMENT,False,False,2413,24,50.0,2.0,08A,1156207.0,1941335.0,2026,2026-06-29T15:42:22.000,41.99481317,-87.700755694,"{'latitude': '41.99481317', 'longitude': '-87.700755694', 'human_address': '{""address"": """", ""city"": """", ""state"": """", ""zip"": """"}'}"
1315009,14238226,JK304610,2026-06-21T21:00:00.000,020XX N KILDARE AVE,0710,THEFT,THEFT FROM MOTOR VEHICLE,STREET,False,False,2522,25,35.0,20.0,06,1147391.0,1913144.0,2026,2026-06-29T15:42:22.000,41.917628976,-87.733910675,"{'latitude': '41.917628976', 'longitude': '-87.733910675', 'human_address': '{""address"": """", ""city"": """", ""state"": """", ""zip"": """"}'}"
1315010,14238900,JK305345,2026-06-21T21:00:00.000,059XX S RICHMOND ST,0610,BURGLARY,FORCIBLE ENTRY,RESIDENCE - GARAGE,False,False,824,8,15.0,66.0,05,1157730.0,1865089.0,2026,2026-06-29T15:42:22.000,41.785556201,-87.697232546,"{'latitude': '41.785556201', 'longitude': '-87.697232546', 'human_address': '{""address"": """", ""city"": """", ""state"": """", ""zip"": """"}'}"
1315011,14238980,JK304395,2026-06-21T21:00:00.000,132XX S PRAIRIE AVE,1320,CRIMINAL DAMAGE,TO VEHICLE,STREET,False,False,533,5,9.0,54.0,14,1180318.0,1817267.0,2026,2026-06-29T15:42:22.000,41.653838152,-87.615876004,"{'latitude': '41.653838152', 'longitude': '-87.615876004', 'human_address': '{""address"": """", ""city"": """", ""state"": """", ""zip"": """"}'}"
1315012,14241301,JK308515,2026-06-21T21:00:00.000,070XX S ASHLAND AVE,0890,THEFT,FROM BUILDING,GROCERY FOOD STORE,False,False,735,7,17.0,67.0,06,1166897.0,1858031.0,2026,2026-06-29T15:42:22.000,41.765997125,-87.66382344,"{'latitude': '41.765997125', 'longitude': '-87.66382344', 'human_address': '{""address"": """", ""city"": """", ""state"": """", ""zip"": """"}'}"
1315013,14237533,JK303796,2026-06-21T21:05:00.000,062XX S KOSTNER AVE,0486,BATTERY,DOMESTIC BATTERY SIMPLE,RESIDENCE,True,True,813,8,13.0,65.0,08B,1148110.0,1862901.0,2026,2026-06-29T15:42:22.000,41.779741861,-87.732560418,"{'latitude': '41.779741861', 'longitude': '-87.732560418', 'human_address': '{""address"": """", ""city"": """", ""state"": """", ""zip"": """"}'}"
1315014,14237502,JK303772,2026-06-21T21:07:00.000,074XX N GREENVIEW AVE,0460,BATTERY,SIMPLE,STREET,False,False,2422,24,49.0,1.0,08B,1165009.0,1949250.0,2026,2026-06-29T15:42:22.000,42.016349104,-87.668151653,"{'latitude': '42.016349104', 'longitude': '-87.668151653', 'human_address': '{""address"": """", ""city"": """", ""state"": """", ""zip"": """"}'}"
1315015,14237574,JK303814,2026-06-21T21:11:00.000,070XX S STONY ISLAND AVE,0560,ASSAULT,SIMPLE,GAS STATION,False,False,332,3,5.0,43.0,08A,1188135.0,1858735.0,2026,2026-06-29T15:42:22.000,41.767448959,-87.585957168,"{'latitude': '41.767448959', 'longitude': '-87.585957168', 'human_address': '{""address"": """", ""city"": """", ""state"": """", ""zip"": """"}'}"
1315016,14238432,JK303798,2026-06-21T21:14:00.000,033XX W POTOMAC AVE,0486,BATTERY,DOMESTIC BATTERY SIMPLE,APARTMENT,False,True,1422,14,26.0,23.0,08B,1153912.0,1908453.0,2026,2026-06-29T15:42:22.000,41.904628887,-87.710077397,"{'latitude': '41.904628887', 'longitude': '-87.710077397', 'human_address': '{""address"": """", ""city"": """", ""state"": """", ""zip"": """"}'}"
1315017,14237518,JK303797,2026-06-21T21:22:00.000,071XX S HARVARD AVE,0486,BATTERY,DOMESTIC BATTERY SIMPLE,RESIDENCE,False,True,731,7,6.0,69.0,08B,1175194.0,1857603.0,2026,2026-06-29T15:42:22.000,41.764641399,-87.633424905,"{'latitude': '41.764641399', 'longitude': '-87.633424905', 'human_address': '{""address"": """", ""city"": """", ""state"": """", ""zip"": """"}'}"
1315018,14237576,JK303784,2026-06-21T21:22:00.000,100XX S PRINCETON AVE,0486,BATTERY,DOMESTIC BATTERY SIMPLE,RESIDENCE,False,True,511,5,9.0,49.0,08B,1176056.0,1838457.0,2026,2026-06-29T15:42:22.000,41.712083054,-87.630838284,"{'latitude': '41.712083054', 'longitude': '-87.630838284', 'human_address': '{""address"": """", ""city"": """", ""state"": """", ""zip"": """"}'}"
1315019,14237636,JK303833,2026-06-21T21:25:00.000,110XX S WENTWORTH AVE,0281,CRIMINAL SEXUAL ASSAULT,NON-AGGRAVATED,APARTMENT,False,True,513,5,9.0,49.0,02,1176910.0,1831549.0,2026,2026-06-29T15:42:22.000,41.693107356,-87.627917936,"{'latitude': '41.693107356', 'longitude': '-87.627917936', 'human_address': '{""address"": """", ""city"": """", ""state"": """", ""zip"": """"}'}"
1315020,14242659,JK309990,2026-06-21T21:29:00.000,071XX S EMERALD AVE,0497,BATTERY,AGGRAVATED DOMESTIC BATTERY - OTHER DANGEROUS WEAPON,APARTMENT,False,True,732,7,6.0,68.0,04B,1172581.0,1857453.0,2026,2026-06-29T15:42:22.000,41.764287727,-87.643006638,"{'latitude': '41.764287727', 'longitude': '-87.643006638', 'human_address': '{""address"": """", ""city"": """", ""state"": """", ""zip"": """"}'}"
1315021,14237560,JK303817,2026-06-21T21:30:00.000,025XX S SPAULDING AVE,0486,BATTERY,DOMESTIC BATTERY SIMPLE,SIDEWALK,True,True,1024,10,25.0,30.0,08B,1154769.0,1886928.0,2026,2026-06-29T15:42:22.000,41.845544918,-87.707505885,"{'latitude': '41.845544918', 'longitude': '-87.707505885', 'human_address': '{""address"": """", ""city"": """", ""state"": """", ""zip"": """"}'}"
1315022,14237632,JK303909,2026-06-21T21:30:00.000,068XX S INDIANA AVE,0420,BATTERY,AGGRAVATED - KNIFE / CUTTING INSTRUMENT,STREET,False,False,322,3,6.0,69.0,04B,1178771.0,1859807.0,2026,2026-06-29T15:42:22.000,41.770608792,-87.620247348,"{'latitude': '41.770608792', 'longitude': '-87.620247348', 'human_address': '{""address"": """", ""city"": """", ""state"": """", ""zip"": """"}'}"
1315023,14238205,JK304759,2026-06-21T21:30:00.000,051XX S HONORE ST,1320,CRIMINAL DAMAGE,TO VEHICLE,STREET,False,False,932,9,16.0,61.0,14,1164882.0,1870702.0,2026,2026-06-29T15:42:22.000,41.800810779,-87.670851304,"{'latitude': '41.800810779', 'longitude': '-87.670851304', 'human_address': '{""address"": """", ""city"": """", ""state"": """", ""zip"": """"}'}"
1315024,14237530,JK303806,2026-06-21T21:31:00.000,083XX S LANGLEY AVE,0560,ASSAULT,SIMPLE,RESIDENCE,False,False,632,6,6.0,44.0,08A,1182378.0,1849662.0,2026,2026-06-29T15:42:22.000,41.742687029,-87.60733944,"{'latitude': '41.742687029', 'longitude': '-87.60733944', 'human_address': '{""address"": """", ""city"": """", ""state"": """", ""zip"": """"}'}"
1315025,14241351,JK307611,2026-06-21T21:45:00.000,002XX E HURON ST,0460,BATTERY,SIMPLE,HOSPITAL BUILDING / GROUNDS,False,False,1834,18,2.0,8.0,08B,1178046.0,1905133.0,2026,2026-06-29T15:42:22.000,41.895003278,-87.62152816,"{'latitude': '41.895003278', 'longitude': '-87.62152816', 'human_address': '{""address"": """", ""city"": """", ""state"": """", ""zip"": """"}'}"
1315026,14237595,JK303838,2026-06-21T21:47:00.000,105XX S PULASKI RD,0610,BURGLARY,FORCIBLE ENTRY,RESIDENCE,False,False,2211,22,19.0,74.0,05,1151545.0,1834241.0,2026,2026-06-29T15:42:22.000,41.701027248,-87.720715071,"{'latitude': '41.701027248', 'longitude': '-87.720715071', 'human_address': '{""address"": """", ""city"": """", ""state"": """", ""zip"": """"}'}"
1315027,14237524,JK303820,2026-06-21T21:58:00.000,075XX N WESTERN AVE,0460,BATTERY,SIMPLE,PARKING LOT / GARAGE (NON RESIDENTIAL),False,False,2411,24,50.0,2.0,08B,1159016.0,1949998.0,2026,2026-06-29T15:42:22.000,42.018527314,-87.690183466,"{'latitude': '42.018527314', 'longitude': '-87.690183466', 'human_address': '{""address"": """", ""city"": """", ""state"": """", ""zip"": """"}'}"
1315028,14237553,JK303818,2026-06-21T21:59:00.000,020XX S DAMEN AVE,0497,BATTERY,AGGRAVATED DOMESTIC BATTERY - OTHER DANGEROUS WEAPON,RESIDENCE,True,True,1234,12,25.0,31.0,04B,1163355.0,1890208.0,2026,2026-06-29T15:42:22.000,41.85436955,-87.675903919,"{'latitude': '41.85436955', 'longitude': '-87.675903919', 'human_address': '{""address"": """", ""city"": """", ""state"": """", ""zip"": """"}'}"
1315029,14237628,JK303908,2026-06-21T22:00:00.000,031XX W ROOSEVELT RD,0313,ROBBERY,ARMED - OTHER DANGEROUS WEAPON,STREET,False,False,1022,10,24.0,29.0,03,1155802.0,1894546.0,2026,2026-06-29T15:42:22.000,41.866428839,-87.703509785,"{'latitude': '41.866428839', 'longitude': '-87.703509785', 'human_address': '{""address"": """", ""city"": """", ""state"": """", ""zip"": """"}'}"
1315030,14237853,JK304279,2026-06-21T22:00:00.000,106XX S SANGAMON ST,0810,THEFT,OVER $500,RESIDENCE,False,False,2232,22,21.0,73.0,06,1171870.0,1834297.0,2026,2026-06-29T15:42:22.000,41.70076008,-87.646290106,"{'latitude': '41.70076008', 'longitude': '-87.646290106', 'human_address': '{""address"": """", ""city"": """", ""state"": """", ""zip"": """"}'}"
1315031,14238429,JK305103,2026-06-21T22:00:00.000,029XX W FULTON ST,0910,MOTOR VEHICLE THEFT,AUTOMOBILE,STREET,False,False,1222,12,27.0,27.0,07,1156768.0,1901866.0,2026,2026-06-29T15:42:22.000,41.886496145,-87.699765126,"{'latitude': '41.886496145', 'longitude': '-87.699765126', 'human_address': '{""address"": """", ""city"": """", ""state"": """", ""zip"": """"}'}"
1315032,14238471,JK304474,2026-06-21T22:00:00.000,011XX N WOOD ST,1320,CRIMINAL DAMAGE,TO VEHICLE,VEHICLE NON-COMMERCIAL,False,False,1212,12,1.0,24.0,14,1164194.0,1907440.0,2026,2026-06-29T15:42:22.000,41.901637937,-87.672337342,"{'latitude': '41.901637937', 'longitude': '-87.672337342', 'human_address': '{""address"": """", ""city"": """", ""state"": """", ""zip"": """"}'}"
1315033,14238476,JK304007,2026-06-21T22:00:00.000,0000X W CHICAGO AVE,0890,THEFT,FROM BUILDING,OTHER (SPECIFY),False,False,1832,18,42.0,8.0,06,1176038.0,1905723.0,2026,2026-06-29T15:42:22.000,41.896667744,-87.628885133,"{'latitude': '41.896667744', 'longitude': '-87.628885133', 'human_address': '{""address"": """", ""city"": """", ""state"": """", ""zip"": """"}'}"
1315034,14238663,JK305164,2026-06-21T22:00:00.000,061XX S MICHIGAN AVE,0920,MOTOR VEHICLE THEFT,ATTEMPT - AUTOMOBILE,STREET,False,False,311,3,20.0,40.0,07,1178211.0,1864309.0,2026,2026-06-29T15:42:22.000,41.782975469,-87.622163602,"{'latitude': '41.782975469', 'longitude': '-87.622163602', 'human_address': '{""address"": """", ""city"": """", ""state"": """", ""zip"": """"}'}"
1315035,14239860,JK306609,2026-06-21T22:00:00.000,068XX S OGLESBY AVE,1585,SEX OFFENSE,OTHER,RESIDENCE,False,False,331,3,5.0,43.0,17,1192946.0,1860111.0,2026,2026-06-29T15:42:22.000,41.771108737,-87.568278239,"{'latitude': '41.771108737', 'longitude': '-87.568278239', 'human_address': '{""address"": """", ""city"": """", ""state"": """", ""zip"": """"}'}"
1315036,14239903,JK306673,2026-06-21T22:00:00.000,029XX W AUGUSTA BLVD,0910,MOTOR VEHICLE THEFT,AUTOMOBILE,STREET,False,False,1211,12,26.0,24.0,07,1156789.0,1906518.0,2026,2026-06-29T15:42:22.000,41.899261233,-87.699561823,"{'latitude': '41.899261233', 'longitude': '-87.699561823', 'human_address': '{""address"": """", ""city"": """", ""state"": """", ""zip"": """"}'}"
1315037,14240750,JK307631,2026-06-21T22:00:00.000,026XX E 78TH ST,0910,MOTOR VEHICLE THEFT,AUTOMOBILE,APARTMENT,False,False,421,4,7.0,43.0,07,1195469.0,1853766.0,2026,2026-06-29T15:42:22.000,41.753635646,-87.559239327,"{'latitude': '41.753635646', 'longitude': '-87.559239327', 'human_address': '{""address"": """", ""city"": """", ""state"": """", ""zip"": """"}'}"
1315038,14237646,JK303829,2026-06-21T22:01:00.000,103XX S SANGAMON ST,0910,MOTOR VEHICLE THEFT,AUTOMOBILE,STREET,False,True,2232,22,21.0,73.0,07,1171808.0,1836281.0,2026,2026-06-29T15:42:22.000,41.706205837,-87.646459186,"{'latitude': '41.706205837', 'longitude': '-87.646459186', 'human_address': '{""address"": """", ""city"": """", ""state"": """", ""zip"": """"}'}"
1315039,14238717,JK305253,2026-06-21T22:14:00.000,063XX N CICERO AVE,2820,OTHER OFFENSE,TELEPHONE THREAT,APARTMENT,False,False,1711,17,39.0,12.0,08A,1143268.0,1941866.0,2026,2026-06-29T15:42:22.000,41.996522685,-87.74833851,"{'latitude': '41.996522685', 'longitude': '-87.74833851', 'human_address': '{""address"": """", ""city"": """", ""state"": """", ""zip"": """"}'}"
1315040,14237568,JK303859,2026-06-21T22:18:00.000,067XX S CREGIER AVE,1365,CRIMINAL TRESPASS,TO RESIDENCE,APARTMENT,False,False,332,3,5.0,43.0,26,1189360.0,1860711.0,2026,2026-06-29T15:42:22.000,41.772841968,-87.581403766,"{'latitude': '41.772841968', 'longitude': '-87.581403766', 'human_address': '{""address"": """", ""city"": """", ""state"": """", ""zip"": """"}'}"
1315041,14237573,JK303852,2026-06-21T22:18:00.000,067XX S CREGIER AVE,0610,BURGLARY,FORCIBLE ENTRY,APARTMENT,False,False,332,3,5.0,43.0,05,1189360.0,1860725.0,2026,2026-06-29T15:42:22.000,41.772880385,-87.581403317,"{'latitude': '41.772880385', 'longitude': '-87.581403317', 'human_address': '{""address"": """", ""city"": """", ""state"": """", ""zip"": """"}'}"
1315042,14237582,JK303848,2026-06-21T22:23:00.000,076XX S CICERO AVE,051A,ASSAULT,AGGRAVATED - HANDGUN,COMMERCIAL / BUSINESS OFFICE,False,False,833,8,18.0,65.0,04A,1145727.0,1853720.0,2026,2026-06-29T15:42:22.000,41.754592961,-87.741528537,"{'latitude': '41.754592961', 'longitude': '-87.741528537', 'human_address': '{""address"": """", ""city"": """", ""state"": """", ""zip"": """"}'}"
1315043,14237828,JK304234,2026-06-21T22:28:00.000,033XX N KILBOURN AVE,1320,CRIMINAL DAMAGE,TO VEHICLE,VEHICLE NON-COMMERCIAL,False,False,1731,17,30.0,16.0,14,1145790.0,1921848.0,2026,2026-06-29T15:42:22.000,41.94154413,-87.739571404,"{'latitude': '41.94154413', 'longitude': '-87.739571404', 'human_address': '{""address"": """", ""city"": """", ""state"": """", ""zip"": """"}'}"
1315044,14237616,JK303940,2026-06-21T22:30:00.000,035XX W POLK ST,0486,BATTERY,DOMESTIC BATTERY SIMPLE,SIDEWALK,False,True,1133,11,24.0,27.0,08B,1152829.0,1896139.0,2026,2026-06-29T15:42:22.000,41.870859543,-87.714381855,"{'latitude': '41.870859543', 'longitude': '-87.714381855', 'human_address': '{""address"": """", ""city"": """", ""state"": """", ""zip"": """"}'}"
1315045,14237653,JK303842,2026-06-21T22:30:00.000,064XX S MORGAN ST,1310,CRIMINAL DAMAGE,TO PROPERTY,APARTMENT,False,True,723,7,16.0,68.0,14,1170750.0,1862164.0,2026,2026-06-29T15:42:22.000,41.777255415,-87.649580426,"{'latitude': '41.777255415', 'longitude': '-87.649580426', 'human_address': '{""address"": """", ""city"": """", ""state"": """", ""zip"": """"}'}"
1315046,14239038,JK305739,2026-06-21T22:30:00.000,048XX N KENMORE AVE,1320,CRIMINAL DAMAGE,TO VEHICLE,PARKING LOT / GARAGE (NON RESIDENTIAL),False,False,2024,20,46.0,3.0,14,1168373.0,1932607.0,2026,2026-06-29T15:42:22.000,41.970607989,-87.656257384,"{'latitude': '41.970607989', 'longitude': '-87.656257384', 'human_address': '{""address"": """", ""city"": """", ""state"": """", ""zip"": """"}'}"
1315047,14241683,JK308813,2026-06-21T22:30:00.000,072XX S CALIFORNIA AVE,0620,BURGLARY,UNLAWFUL ENTRY,APARTMENT,False,False,831,8,18.0,66.0,05,1158957.0,1856609.0,2026,2026-06-29T15:42:22.000,41.762260854,-87.692965274,"{'latitude': '41.762260854', 'longitude': '-87.692965274', 'human_address': '{""address"": """", ""city"": """", ""state"": """", ""zip"": """"}'}"
1315048,14237559,JK303841,2026-06-21T22:43:00.000,006XX N CLARK ST,0460,BATTERY,SIMPLE,CONVENIENCE STORE,True,False,1832,18,42.0,8.0,08B,1175423.0,1904617.0,2026,2026-06-29T15:42:22.000,41.893646656,-87.631177143,"{'latitude': '41.893646656', 'longitude': '-87.631177143', 'human_address': '{""address"": """", ""city"": """", ""state"": """", ""zip"": """"}'}"
1315049,14237591,JK303858,2026-06-21T22:45:00.000,029XX N HARLEM AVE,2826,OTHER OFFENSE,HARASSMENT BY ELECTRONIC MEANS,SIDEWALK,False,True,2511,25,29.0,18.0,26,1127575.0,1918783.0,2026,2026-06-29T15:42:22.000,41.933460098,-87.80658939,"{'latitude': '41.933460098', 'longitude': '-87.80658939', 'human_address': '{""address"": """", ""city"": """", ""state"": """", ""zip"": """"}'}"
1315050,14237596,JK303835,2026-06-21T22:47:00.000,069XX N WAYNE AVE,0486,BATTERY,DOMESTIC BATTERY SIMPLE,APARTMENT,False,True,2431,24,49.0,1.0,08B,1165889.0,1945900.0,2026,2026-06-29T15:42:22.000,42.007137841,-87.66500976,"{'latitude': '42.007137841', 'longitude': '-87.66500976', 'human_address': '{""address"": """", ""city"": """", ""state"": """", ""zip"": """"}'}"
1315051,14238653,JK305151,2026-06-21T22:56:00.000,043XX S WHIPPLE ST,2826,OTHER OFFENSE,HARASSMENT BY ELECTRONIC MEANS,RESIDENCE,False,False,922,9,12.0,58.0,26,1156753.0,1875669.0,2026,2026-06-29T15:42:22.000,41.814608944,-87.700529133,"{'latitude': '41.814608944', 'longitude': '-87.700529133', 'human_address': '{""address"": """", ""city"": """", ""state"": """", ""zip"": """"}'}"
1315052,14237597,JK303900,2026-06-21T23:00:00.000,061XX N CLARK ST,0710,THEFT,THEFT FROM MOTOR VEHICLE,STREET,False,False,2433,24,40.0,77.0,06,1164531.0,1941052.0,2026,2026-06-29T15:42:22.000,41.993863795,-87.670144222,"{'latitude': '41.993863795', 'longitude': '-87.670144222', 'human_address': '{""address"": """", ""city"": """", ""state"": """", ""zip"": """"}'}"
1315053,14237638,JK303899,2026-06-21T23:00:00.000,026XX S PULASKI RD,0430,BATTERY,AGGRAVATED - OTHER DANGEROUS WEAPON,STREET,False,False,1031,10,22.0,30.0,04B,1150134.0,1886257.0,2026,2026-06-29T15:42:22.000,41.843795034,-87.724533469,"{'latitude': '41.843795034', 'longitude': '-87.724533469', 'human_address': '{""address"": """", ""city"": """", ""state"": """", ""zip"": """"}'}"
1315054,14237742,JK304044,2026-06-21T23:00:00.000,065XX W 63RD PL,0920,MOTOR VEHICLE THEFT,ATTEMPT - AUTOMOBILE,STREET,False,False,812,8,13.0,64.0,07,1133833.0,1861704.0,2026,2026-06-29T15:42:22.000,41.776718861,-87.78493088,"{'latitude': '41.776718861', 'longitude': '-87.78493088', 'human_address': '{""address"": """", ""city"": """", ""state"": """", ""zip"": """"}'}"
1315055,14237871,JK304094,2026-06-21T23:00:00.000,063XX S DR MARTIN LUTHER KING JR DR,1320,CRIMINAL DAMAGE,TO VEHICLE,STREET,True,True,312,3,20.0,69.0,14,1180014.0,1862863.0,2026,2026-06-29T15:42:22.000,41.778966393,-87.615597542,"{'latitude': '41.778966393', 'longitude': '-87.615597542', 'human_address': '{""address"": """", ""city"": """", ""state"": """", ""zip"": """"}'}"
1315056,14238541,JK305111,2026-06-21T23:00:00.000,038XX W 58TH PL,1320,CRIMINAL DAMAGE,TO VEHICLE,STREET,False,False,822,8,23.0,62.0,14,1151832.0,1865540.0,2026,2026-06-29T15:42:22.000,41.786911516,-87.718845761,"{'latitude': '41.786911516', 'longitude': '-87.718845761', 'human_address': '{""address"": """", ""city"": """", ""state"": """", ""zip"": """"}'}"
1315057,14237663,JK303845,2026-06-21T23:18:00.000,071XX S HOYNE AVE,0460,BATTERY,SIMPLE,RESIDENCE,False,False,735,7,17.0,67.0,08B,1163597.0,1857314.0,2026,2026-06-29T15:42:22.000,41.764099427,-87.675939214,"{'latitude': '41.764099427', 'longitude': '-87.675939214', 'human_address': '{""address"": """", ""city"": """", ""state"": """", ""zip"": """"}'}"
1315058,14237683,JK303886,2026-06-21T23:30:00.000,078XX S STEWART AVE,0486,BATTERY,DOMESTIC BATTERY SIMPLE,APARTMENT,False,True,621,6,17.0,69.0,08B,1174980.0,1853133.0,2026,2026-06-29T15:42:22.000,41.752379961,-87.634342392,"{'latitude': '41.752379961', 'longitude': '-87.634342392', 'human_address': '{""address"": """", ""city"": """", ""state"": """", ""zip"": """"}'}"
1315059,14237703,JK303880,2026-06-21T23:30:00.000,009XX W ERIE ST,0810,THEFT,OVER $500,STREET,False,False,1214,12,27.0,24.0,06,1169908.0,1904459.0,2026,2026-06-29T15:42:22.000,41.893335155,-87.651436303,"{'latitude': '41.893335155', 'longitude': '-87.651436303', 'human_address': '{""address"": """", ""city"": """", ""state"": """", ""zip"": """"}'}"
1315060,14237721,JK304000,2026-06-21T23:30:00.000,005XX W LAKE ST,1305,CRIMINAL DAMAGE,CRIMINAL DEFACEMENT,CTA TRAIN,False,False,121,1,34.0,28.0,14,1172491.0,1901698.0,2026,2026-06-29T15:42:22.000,41.885702079,-87.642031644,"{'latitude': '41.885702079', 'longitude': '-87.642031644', 'human_address': '{""address"": """", ""city"": """", ""state"": """", ""zip"": """"}'}"
1315061,14237892,JK304228,2026-06-21T23:30:00.000,053XX S WOOD ST,0920,MOTOR VEHICLE THEFT,ATTEMPT - AUTOMOBILE,STREET,False,False,932,9,16.0,61.0,07,1165254.0,1869321.0,2026,2026-06-29T15:42:22.000,41.797013273,-87.669526163,"{'latitude': '41.797013273', 'longitude': '-87.669526163', 'human_address': '{""address"": """", ""city"": """", ""state"": """", ""zip"": """"}'}"
1315062,14240121,JK306891,2026-06-21T23:30:00.000,035XX W 83RD PL,1310,CRIMINAL DAMAGE,TO PROPERTY,RESIDENCE,False,False,834,8,18.0,70.0,14,1154212.0,1848989.0,2026,2026-06-29T15:42:22.000,41.741445935,-87.710558668,"{'latitude': '41.741445935', 'longitude': '-87.710558668', 'human_address': '{""address"": """", ""city"": """", ""state"": """", ""zip"": """"}'}"
1315063,14237564,JK303878,2026-06-21T23:34:00.000,013XX N ARTESIAN AVE,1477,WEAPONS VIOLATION,RECKLESS FIREARM DISCHARGE,STREET,False,False,1423,14,26.0,24.0,15,1159834.0,1908737.0,2026,2026-06-29T15:42:22.000,41.905288077,-87.688316304,"{'latitude': '41.905288077', 'longitude': '-87.688316304', 'human_address': '{""address"": """", ""city"": """", ""state"": """", ""zip"": """"}'}"
1315064,14237589,JK303871,2026-06-21T23:35:00.000,0000X W 26TH ST,031A,ROBBERY,ARMED - HANDGUN,PARKING LOT / GARAGE (NON RESIDENTIAL),False,False,133,1,3.0,35.0,03,1176575.0,1887109.0,2026,2026-06-29T15:42:22.000,41.845577671,-87.627475027,"{'latitude': '41.845577671', 'longitude': '-87.627475027', 'human_address': '{""address"": """", ""city"": """", ""state"": """", ""zip"": """"}'}"
1315065,14237612,JK303893,2026-06-21T23:39:00.000,012XX S FAIRFIELD AVE,0460,BATTERY,SIMPLE,ABANDONED BUILDING,False,True,1023,10,28.0,29.0,08B,1158221.0,1894435.0,2026,2026-06-29T15:42:22.000,41.8660752,-87.694632405,"{'latitude': '41.8660752', 'longitude': '-87.694632405', 'human_address': '{""address"": """", ""city"": """", ""state"": """", ""zip"": """"}'}"
1315066,14239183,JK305935,2026-06-21T23:40:00.000,051XX N SHERIDAN RD,0890,THEFT,FROM BUILDING,APARTMENT,False,False,2024,20,48.0,3.0,06,1168704.0,1934414.0,2026,2026-06-29T15:42:22.000,41.975559264,-87.654987667,"{'latitude': '41.975559264', 'longitude': '-87.654987667', 'human_address': '{""address"": """", ""city"": """", ""state"": """", ""zip"": """"}'}"
1315067,14237604,JK303883,2026-06-21T23:45:00.000,007XX N DEARBORN ST,0810,THEFT,OVER $500,APARTMENT,False,True,1832,18,42.0,8.0,06,1175800.0,1905508.0,2026,2026-06-29T15:42:22.000,41.896083132,-87.629765732,"{'latitude': '41.896083132', 'longitude': '-87.629765732', 'human_address': '{""address"": """", ""city"": """", ""state"": """", ""zip"": """"}'}"
1315068,14238691,JK305251,2026-06-21T23:47:00.000,057XX S PRAIRIE AVE,0320,ROBBERY,STRONG ARM - NO WEAPON,VEHICLE NON-COMMERCIAL,False,False,232,2,20.0,40.0,03,1179020.0,1867016.0,2026,2026-06-29T15:42:22.000,41.790385341,-87.619115133,"{'latitude': '41.790385341', 'longitude': '-87.619115133', 'human_address': '{""address"": """", ""city"": """", ""state"": """", ""zip"": """"}'}"
1315069,14237658,JK303879,2026-06-21T23:49:00.000,022XX S SACRAMENTO AVE,0486,BATTERY,DOMESTIC BATTERY SIMPLE,APARTMENT,False,True,1033,10,24.0,30.0,08B,1156707.0,1889022.0,2026,2026-06-29T15:42:22.000,41.851252117,-87.700336938,"{'latitude': '41.851252117', 'longitude': '-87.700336938', 'human_address': '{""address"": """", ""city"": """", ""state"": """", ""zip"": """"}'}"
1315070,14237614,JK303877,2026-06-21T23:55:00.000,045XX N PULASKI RD,0320,ROBBERY,STRONG ARM - NO WEAPON,SIDEWALK,False,False,1723,17,33.0,14.0,03,1148910.0,1929840.0,2026,2026-06-29T15:42:22.000,41.963414923,-87.727896529,"{'latitude': '41.963414923', 'longitude': '-87.727896529', 'human_address': '{""address"": """", ""city"": """", ""state"": """", ""zip"": """"}'}"
1315071,14237700,JK303963,2026-06-22T00:00:00.000,017XX W DIVISION ST,0337,ROBBERY,ATTEMPT ARMED - OTHER DANGEROUS WEAPON,ALLEY,False,False,1213,12,1.0,24.0,03,1164389.0,1908040.0,2026,2026-06-29T15:42:22.000,41.903280255,-87.671604087,"{'latitude': '41.903280255', 'longitude': '-87.671604087', 'human_address': '{""address"": """", ""city"": """", ""state"": """", ""zip"": """"}'}"
1315072,14237846,JK304176,2026-06-22T00:00:00.000,061XX S MAJOR AVE,0920,MOTOR VEHICLE THEFT,ATTEMPT - AUTOMOBILE,STREET,False,False,812,8,13.0,64.0,07,1139456.0,1863243.0,2026,2026-06-29T15:42:22.000,41.780841902,-87.764279417,"{'latitude': '41.780841902', 'longitude': '-87.764279417', 'human_address': '{""address"": """", ""city"": """", ""state"": """", ""zip"": """"}'}"
1315073,14238071,JK304484,2026-06-22T00:00:00.000,007XX N KILBOURN AVE,1350,CRIMINAL TRESPASS,TO STATE SUP LAND,POLICE FACILITY / VEHICLE PARKING LOT,False,False,1111,11,28.0,23.0,26,1146052.0,1904479.0,2026,2026-06-29T15:42:22.000,41.893876877,-87.73905081,"{'latitude': '41.893876877', 'longitude': '-87.73905081', 'human_address': '{""address"": """", ""city"": """", ""state"": """", ""zip"": """"}'}"
1315074,14238098,JK304627,2026-06-22T00:00:00.000,082XX S SACRAMENTO AVE,0610,BURGLARY,FORCIBLE ENTRY,RESIDENCE - GARAGE,False,False,835,8,18.0,70.0,05,1157814.0,1849805.0,2026,2026-06-29T15:42:22.000,41.74361288,-87.697338901,"{'latitude': '41.74361288', 'longitude': '-87.697338901', 'human_address': '{""address"": """", ""city"": """", ""state"": """", ""zip"": """"}'}"
1315075,14238131,JK304573,2026-06-22T00:00:00.000,071XX S RIDGELAND AVE,1320,CRIMINAL DAMAGE,TO VEHICLE,VEHICLE NON-COMMERCIAL,False,False,324,3,7.0,43.0,14,1189101.0,1858113.0,2026,2026-06-29T15:42:22.000,41.765719051,-87.582436322,"{'latitude': '41.765719051', 'longitude': '-87.582436322', 'human_address': '{""address"": """", ""city"": """", ""state"": """", ""zip"": """"}'}"
1315076,14238168,JK304545,2026-06-22T00:00:00.000,017XX E 67TH ST,0760,BURGLARY,BURGLARY FROM MOTOR VEHICLE,STREET,False,False,332,3,5.0,43.0,06,1189142.0,1860906.0,2026,2026-06-29T15:42:22.000,41.773382291,-87.58219664,"{'latitude': '41.773382291', 'longitude': '-87.58219664', 'human_address': '{""address"": """", ""city"": """", ""state"": """", ""zip"": """"}'}"
1315077,14238272,JK304461,2026-06-22T00:00:00.000,013XX N CALIFORNIA AVE,0710,THEFT,THEFT FROM MOTOR VEHICLE,PARKING LOT / GARAGE (NON RESIDENTIAL),False,False,1423,14,26.0,24.0,06,1157481.0,1908969.0,2026,2026-06-29T15:42:22.000,41.90597293,-87.696953332,"{'latitude': '41.90597293', 'longitude': '-87.696953332', 'human_address': '{""address"": """", ""city"": """", ""state"": """", ""zip"": """"}'}"
1315078,14238410,JK304995,2026-06-22T00:00:00.000,032XX W CARROLL AVE,1310,CRIMINAL DAMAGE,TO PROPERTY,APARTMENT,False,True,1123,11,28.0,27.0,14,1154631.0,1902218.0,2026,2026-06-29T15:42:22.000,41.887505095,-87.707603327,"{'latitude': '41.887505095', 'longitude': '-87.707603327', 'human_address': '{""address"": """", ""city"": """", ""state"": """", ""zip"": """"}'}"
1315079,14238424,JK304794,2026-06-22T00:00:00.000,054XX W DIVISION ST,1752,OFFENSE INVOLVING CHILDREN,AGGRAVATED CRIMINAL SEXUAL ABUSE BY FAMILY MEMBER,OTHER (SPECIFY),False,True,1524,15,37.0,25.0,17,1139628.0,1907460.0,2026,2026-06-29T15:42:22.000,41.902176776,-87.762571528,"{'latitude': '41.902176776', 'longitude': '-87.762571528', 'human_address': '{""address"": """", ""city"": """", ""state"": """", ""zip"": """"}'}"
1315080,14238542,JK305072,2026-06-22T00:00:00.000,015XX W FULLERTON AVE,0486,BATTERY,DOMESTIC BATTERY SIMPLE,APARTMENT,False,True,1811,18,2.0,7.0,08B,1165473.0,1916022.0,2026,2026-06-29T15:42:22.000,41.925160357,-87.667394686,"{'latitude': '41.925160357', 'longitude': '-87.667394686', 'human_address': '{""address"": """", ""city"": """", ""state"": """", ""zip"": """"}'}"
1315081,14238577,JK305133,2026-06-22T00:00:00.000,006XX E GRAND AVE,1330,CRIMINAL TRESPASS,TO LAND,SIDEWALK,True,False,1834,18,42.0,8.0,26,1180796.0,1904058.0,2026,2026-06-29T15:42:22.000,41.891990384,-87.611461502,"{'latitude': '41.891990384', 'longitude': '-87.611461502', 'human_address': '{""address"": """", ""city"": """", ""state"": """", ""zip"": """"}'}"
1315082,14238586,JK304987,2026-06-22T00:00:00.000,053XX W WRIGHTWOOD AVE,0486,BATTERY,DOMESTIC BATTERY SIMPLE,APARTMENT,False,True,2514,25,31.0,19.0,08B,1140386.0,1916779.0,2026,2026-06-29T15:42:22.000,41.927735276,-87.75955824,"{'latitude': '41.927735276', 'longitude': '-87.75955824', 'human_address': '{""address"": """", ""city"": """", ""state"": """", ""zip"": """"}'}"
1315083,14238917,JK305561,2026-06-22T00:00:00.000,028XX E 77TH PL,0890,THEFT,FROM BUILDING,APARTMENT,False,True,421,4,7.0,43.0,06,1196713.0,1854174.0,2026,2026-06-29T15:42:22.000,41.754724423,-87.554667078,"{'latitude': '41.754724423', 'longitude': '-87.554667078', 'human_address': '{""address"": """", ""city"": """", ""state"": """", ""zip"": """"}'}"
1315084,14239285,JK306064,2026-06-22T00:00:00.000,080XX S MARSHFIELD AVE,0820,THEFT,$500 AND UNDER,STREET,False,False,611,6,17.0,71.0,06,1166742.0,1851332.0,2026,2026-06-29T15:42:22.000,41.747617457,-87.664582442,"{'latitude': '41.747617457', 'longitude': '-87.664582442', 'human_address': '{""address"": """", ""city"": """", ""state"": """", ""zip"": """"}'}"
1315085,14240261,JK307175,2026-06-22T00:00:00.000,016XX W BERWYN AVE,0760,BURGLARY,BURGLARY FROM MOTOR VEHICLE,STREET,False,False,2012,20,40.0,77.0,06,1164451.0,1935264.0,2026,2026-06-29T15:42:22.000,41.977983043,-87.67060324,"{'latitude': '41.977983043', 'longitude': '-87.67060324', 'human_address': '{""address"": """", ""city"": """", ""state"": """", ""zip"": """"}'}"
1315086,14240364,JK307250,2026-06-22T00:00:00.000,038XX W 49TH ST,1310,CRIMINAL DAMAGE,TO PROPERTY,APARTMENT,False,False,821,8,14.0,57.0,14,1151331.0,1871855.0,2026,2026-06-29T15:42:22.000,41.804250629,-87.72051766,"{'latitude': '41.804250629', 'longitude': '-87.72051766', 'human_address': '{""address"": """", ""city"": """", ""state"": """", ""zip"": """"}'}"
1315087,14241017,JK308020,2026-06-22T00:00:00.000,082XX S EXCHANGE AVE,1320,CRIMINAL DAMAGE,TO VEHICLE,APARTMENT,False,True,423,4,7.0,46.0,14,1197253.0,1851083.0,2026,2026-06-29T15:42:22.000,41.746229065,-87.552790944,"{'latitude': '41.746229065', 'longitude': '-87.552790944', 'human_address': '{""address"": """", ""city"": """", ""state"": """", ""zip"": """"}'}"
1315088,14241700,JK308866,2026-06-22T00:00:00.000,086XX S CARPENTER ST,0265,CRIMINAL SEXUAL ASSAULT,AGGRAVATED - OTHER,RESIDENCE,False,False,613,6,17.0,71.0,02,1170824.0,1847623.0,2026,2026-06-29T15:42:22.000,41.737351423,-87.649732732,"{'latitude': '41.737351423', 'longitude': '-87.649732732', 'human_address': '{""address"": """", ""city"": """", ""state"": """", ""zip"": """"}'}"
1315089,14242509,JK309921,2026-06-22T00:00:00.000,022XX W THOME AVE,1153,DECEPTIVE PRACTICE,FINANCIAL IDENTITY THEFT OVER $ 300,APARTMENT,False,False,2413,24,50.0,2.0,11,1160405.0,1941463.0,2026,2026-06-29T15:42:22.000,41.995078272,-87.685309905,"{'latitude': '41.995078272', 'longitude': '-87.685309905', 'human_address': '{""address"": """", ""city"": """", ""state"": """", ""zip"": """"}'}"
